Transaction Date,Post Date,Description,Category,Type,Amount,Memo
04/02/2026,04/03/2026,PATH TAPP PAYGO CP,Travel,Sale,-3.00,
04/01/2026,04/03/2026,MTA*NYCT PAYGO,Travel,Sale,-3.00,
04/02/2026,04/03/2026,FIV*GONG CHA,Food & Drink,Sale,-6.80,
04/02/2026,04/03/2026,SOFIAS BAGELS,Food & Drink,Sale,-27.46,
04/02/2026,04/03/2026,MTA*NYCT PAYGO,Travel,Sale,-3.00,
04/02/2026,04/03/2026,MCDONALD'S F2968,Food & Drink,Sale,-5.87,
04/01/2026,04/03/2026,MTA*NYCT PAYGO,Travel,Sale,-3.00,
04/01/2026,04/03/2026,BITE FLATIRON,Food & Drink,Sale,-27.25,
04/02/2026,04/03/2026,MTA*NYCT PAYGO,Travel,Sale,-3.00,
04/02/2026,04/03/2026,MCDONALD'S F2968,Food & Drink,Sale,-26.43,
04/01/2026,04/02/2026,MTA*NYCT PAYGO,Travel,Sale,-3.00,
04/01/2026,04/02/2026,GOOGLE *Google One,Entertainment,Sale,-2.17,
03/31/2026,04/02/2026,MITSUKI JAPANESE MARKET,Groceries,Sale,-13.05,
04/01/2026,04/02/2026,TST*MARTHAS COUNTRY BAK,Food & Drink,Sale,-9.91,
03/31/2026,04/01/2026,SQ *THE LOT RADIO KIOSK,Food & Drink,Sale,-16.38,
03/30/2026,04/01/2026,MTA*NYCT PAYGO,Travel,Sale,-3.00,
04/01/2026,04/01/2026,LYFT   *1 RIDE 03-30,Travel,Sale,-26.92,
03/31/2026,04/01/2026,SQ *TACOBITENYC,Food & Drink,Sale,-16.67,
03/30/2026,03/31/2026,BAKERS DOZEN,Food & Drink,Sale,-14.96,
03/30/2026,03/31/2026,EXRNY.COM 212-991-8983,Professional Services,Sale,-20.00,
03/31/2026,03/31/2026,LYFT   *4 RIDES 03-29,Travel,Sale,-34.68,
03/29/2026,03/30/2026,TST*RHODORA WINE BAR,Food & Drink,Sale,-53.94,
03/30/2026,03/30/2026,LYFT   *1 RIDE 03-28,Travel,Sale,-17.04,
03/29/2026,03/30/2026,SQ *FIVE LEAVES,Food & Drink,Sale,-66.37,
03/29/2026,03/30/2026,MTA*NYCT PAYGO,Travel,Sale,-3.00,
03/29/2026,03/30/2026,TST* 7TH STREET BURGER -,Food & Drink,Sale,-1.00,
03/29/2026,03/30/2026,TST* 7TH STREET BURGER -,Food & Drink,Sale,-7.07,
03/29/2026,03/30/2026,TST*FRANKELS DELICATESS,Food & Drink,Sale,-32.70,
03/28/2026,03/30/2026,TST*MARTHAS COUNTRY BAK,Food & Drink,Sale,-19.82,
03/29/2026,03/30/2026,TST*MAMA PHO - GRAND ST,Food & Drink,Sale,-41.81,
03/26/2026,03/29/2026,MTA*NYCT PAYGO,Travel,Sale,-3.00,
03/26/2026,03/29/2026,MTA*NYCT PAYGO,Travel,Sale,-3.00,
03/28/2026,03/29/2026,PATH TAPP PAYGO CP,Travel,Sale,-3.00,
03/28/2026,03/29/2026,SQ *NYCREYDEREYESINC,Food & Drink,Sale,-15.24,
03/27/2026,03/29/2026,MTA*NYCT PAYGO,Travel,Sale,-3.00,
03/28/2026,03/29/2026,MTA*NYCT PAYGO,Travel,Sale,-3.00,
03/27/2026,03/29/2026,SQ *BIRRIALES 4 LLC,Food & Drink,Sale,-25.04,
03/26/2026,03/29/2026,TST*OLEA,Food & Drink,Sale,-38.83,
03/26/2026,03/29/2026,MTA*NYCT PAYGO,Travel,Sale,-3.00,
03/25/2026,03/27/2026,MITSUKI JAPANESE MARKET,Groceries,Sale,-12.31,
03/25/2026,03/27/2026,MTA*NYCT PAYGO,Travel,Sale,-3.00,
03/26/2026,03/27/2026,BEDFORD 101 FOOD CORP,Groceries,Sale,-10.47,
03/26/2026,03/27/2026,MTA*NYCT PAYGO,Travel,Sale,-3.00,
03/25/2026,03/27/2026,MTA*NYCT PAYGO,Travel,Sale,-3.00,
03/25/2026,03/26/2026,FIV*GONG CHA,Food & Drink,Sale,-7.80,
03/24/2026,03/26/2026,MTA*NYCT PAYGO,Travel,Sale,-3.00,
03/25/2026,03/26/2026,CVS/PHARMACY #02435,Health & Wellness,Sale,-15.97,
03/25/2026,03/26/2026,SQ *OSLO COFFEE ROASTERS,Food & Drink,Sale,-6.00,
03/25/2026,03/26/2026,SQ *VINNIE'S PIZZERIA,Food & Drink,Sale,-6.73,
03/24/2026,03/25/2026,TST* MUGS ALE HOUSE,Food & Drink,Sale,-19.97,
03/23/2026,03/25/2026,TST*RICK AND PETES,Food & Drink,Sale,-66.80,
03/25/2026,03/25/2026,TST* DOS TOROS - BEDFORD,Food & Drink,Sale,-19.74,
03/21/2026,03/23/2026,MTA*NYCT PAYGO,Travel,Sale,-3.00,
03/21/2026,03/22/2026,Payment Thank You-Mobile,,Payment,2742.21,
03/19/2026,03/22/2026,Popeyes 13668,Food & Drink,Sale,-22.84,
03/20/2026,03/22/2026,SQ *THREE DECKER DINER,Food & Drink,Sale,-88.00,
03/21/2026,03/22/2026,MTA*NYCT PAYGO,Travel,Sale,-3.00,
03/21/2026,03/22/2026,TST* SWEETIE'S K-CHICKEN,Food & Drink,Sale,-21.80,
03/20/2026,03/22/2026,MTA*NYCT PAYGO,Travel,Sale,-3.00,
03/20/2026,03/22/2026,SQ *EMPLOYEES ONLY LLC,Food & Drink,Sale,-255.68,
03/19/2026,03/20/2026,MTA*NYCT PAYGO,Travel,Sale,-3.00,
03/18/2026,03/20/2026,MTA*NYCT PAYGO,Travel,Sale,-3.00,
03/17/2026,03/19/2026,BITE FLATIRON,Food & Drink,Sale,-15.43,
03/18/2026,03/19/2026,THE LITTLE TACOS HOUSE C,Food & Drink,Sale,-15.19,
03/18/2026,03/19/2026,MTA*NYCT PAYGO,Travel,Sale,-3.00,
03/18/2026,03/19/2026,SOFIAS BAGELS,Food & Drink,Sale,-24.63,
03/17/2026,03/19/2026,TST*BEDFORD GARDENS,Food & Drink,Sale,-55.42,
03/19/2026,03/19/2026,LYFT   *1 RIDE 03-17,Travel,Sale,-5.43,
03/17/2026,03/19/2026,MTA*NYCT PAYGO,Travel,Sale,-3.00,
03/17/2026,03/18/2026,TST* RUBY'S WEST VILLAGE,Food & Drink,Sale,-31.57,
03/17/2026,03/18/2026,MTA*NYCT PAYGO,Travel,Sale,-3.00,
03/17/2026,03/18/2026,PASSION CONVENIENCE,Shopping,Sale,-6.24,
03/18/2026,03/18/2026,LYFT   *1 RIDE 03-16,Travel,Sale,-32.28,
03/16/2026,03/17/2026,Popeyes 13668,Food & Drink,Sale,-21.22,
03/16/2026,03/17/2026,TST* FAIRFAX,Food & Drink,Sale,-32.05,
03/17/2026,03/17/2026,LYFT   *1 RIDE 03-15,Travel,Sale,-47.00,
03/16/2026,03/17/2026,SQ *OSLO COFFEE ROASTERS,Food & Drink,Sale,-6.00,
03/16/2026,03/17/2026,MTA*NYCT PAYGO,Travel,Sale,-3.00,
03/15/2026,03/16/2026,SQ *DAVEY'S ICE CREAM,Food & Drink,Sale,-14.60,
03/15/2026,03/16/2026,SQ *PLANTSHED AT KITH WOM,Shopping,Sale,-358.20,
03/15/2026,03/16/2026,TST* SUPER BURRITO BLEECK,Food & Drink,Sale,-32.12,
03/15/2026,03/16/2026,MTA*NYCT PAYGO,Travel,Sale,-3.00,
03/16/2026,03/16/2026,LYFT   *1 RIDE 03-14,Travel,Sale,-5.43,
03/14/2026,03/15/2026,CVS/PHARMACY #02435,Health & Wellness,Sale,-10.28,
03/13/2026,03/15/2026,MTA*NYCT PAYGO,Travel,Sale,-3.00,
03/13/2026,03/15/2026,MTA*NYCT PAYGO,Travel,Sale,-3.00,
03/15/2026,03/15/2026,LYFT   *1 RIDE 03-13,Travel,Sale,-5.43,
03/12/2026,03/15/2026,MTA*NYCT PAYGO,Travel,Sale,-3.00,
03/13/2026,03/15/2026,CHICK-FIL-A #04161,Food & Drink,Sale,-17.85,
03/13/2026,03/15/2026,TST* DOS TOROS - BEDFORD,Food & Drink,Sale,-16.16,
03/12/2026,03/15/2026,TOP THAI 55 CARMINE,Food & Drink,Sale,-88.28,
03/12/2026,03/15/2026,MTA*NYCT PAYGO,Travel,Sale,-3.00,
03/12/2026,03/13/2026,TST* 7TH STREET BURGER -,Food & Drink,Sale,-16.25,
03/12/2026,03/13/2026,MTA*NYCT PAYGO,Travel,Sale,-3.00,
03/11/2026,03/13/2026,MITSUKI JAPANESE MARKET,Groceries,Sale,-7.95,
03/11/2026,03/13/2026,MTA*NYCT PAYGO,Travel,Sale,-3.00,
03/12/2026,03/13/2026,SOFIAS BAGELS,Food & Drink,Sale,-15.85,
03/11/2026,03/12/2026,TST*MARTHAS COUNTRY BAK,Food & Drink,Sale,-8.98,
03/10/2026,03/12/2026,MTA*NYCT PAYGO,Travel,Sale,-3.00,
03/11/2026,03/12/2026,SQ *VINNIE'S PIZZERIA,Food & Drink,Sale,-16.82,
03/11/2026,03/12/2026,TST* 16 HANDLES - WILLIAM,Food & Drink,Sale,-12.50,
03/09/2026,03/11/2026,MITSUKI JAPANESE MARKET,Groceries,Sale,-13.05,
03/10/2026,03/11/2026,MTA*NYCT PAYGO,Travel,Sale,-3.00,
03/10/2026,03/11/2026,SQ *THREE DECKER DINER,Food & Drink,Sale,-26.46,
03/10/2026,03/11/2026,TST* DOS TOROS - BEDFORD,Food & Drink,Sale,-16.16,
03/09/2026,03/10/2026,SQ *MANHATTAN AVENUE DELI,Groceries,Sale,-22.96,
03/08/2026,03/10/2026,JAPANESE MARKET,Groceries,Sale,-16.85,
03/06/2026,03/09/2026,BITE FLATIRON,Food & Drink,Sale,-14.07,
03/08/2026,03/09/2026,MTA*NYCT PAYGO,Travel,Sale,-3.00,
03/08/2026,03/09/2026,TST* FAIRFAX,Food & Drink,Sale,-101.40,
03/08/2026,03/08/2026,Payment Thank You-Mobile,,Payment,2635.06,
03/06/2026,03/08/2026,MTA*NYCT PAYGO,Travel,Sale,-3.00,
03/07/2026,03/08/2026,SQ *EMPLOYEES ONLY LLC,Food & Drink,Sale,-48.00,
03/06/2026,03/08/2026,SQ *SHAKE SHACK,Food & Drink,Sale,-30.99,
03/05/2026,03/08/2026,BITE FLATIRON,Food & Drink,Sale,-15.43,
03/07/2026,03/08/2026,SQ *EMPLOYEES ONLY LLC,Food & Drink,Sale,-40.00,
03/06/2026,03/08/2026,MTA*NYCT PAYGO,Travel,Sale,-3.00,
03/05/2026,03/08/2026,MTA*NYCT PAYGO,Travel,Sale,-3.00,
03/06/2026,03/08/2026,SOFIAS BAGELS,Food & Drink,Sale,-39.06